<?xml version="1.0" encoding="utf-8"?>
<install version="1.5" type="plugin" group="system">
	<name>System - myApiModal</name>
	<author>Thomas Welton</author>
	<creationDate>April 2011</creationDate>
	<copyright>Copyright (C) 2011</copyright>
	<license>GNU/GPL http://www.gnu.org/copyleft/gpl.html</license>
	<authorEmail>thomaswelton@me.com</authorEmail>
	<authorUrl>www.myapi.co.uk</authorUrl>
	<version>1.0</version>
	<description>PLUGIN DESCRIPTION</description>
	<files>
		<filename plugin="myApiModal">myApiModal.php</filename>
		<folder>myApiModal</folder>
	</files>
	
	<languages>
		<language tag="en-GB">languages/en-GB.plg_system_myApiModal.ini</language>
		<language tag="nb-NO">languages/nb-NO.plg_system_myApiModal.ini</language>
	</languages>
	
</install>
