<?xml version="1.0" encoding="utf-8"?>
<install type="module" version="1.5">
	<name>Facebook Live Box</name>
	<author>Thomas Welton</author> 
	<creationDate>March 2011</creationDate> 
	<copyright>All rights reserved 2011.</copyright> 
	<license>GNU/GPL http://www.gnu.org/copyleft/gpl.html</license>
	<authorEmail>thomaswelton@me.com</authorEmail> 
	<authorUrl>http://www.myapi.co.uk</authorUrl> 
	<version>1.0</version> 
	
	<description>MODULE DESCRIPTION</description>
	
	<files>
		<filename module="mod_myapi_fbLive">mod_myapi_fbLive.php</filename>
		<filename>index.html</filename>
		<filename>tmpl/default.php</filename>
		<filename>tmpl/index.html</filename>
	</files>
 
	<languages>
		<language tag="en-GB">languages/en-GB.mod_myapi_fblive.ini</language>
	</languages>
	
	<params>	
		<param name="moduleclass_sfx" type="text" default="" label="PARAM_CLASS_SFX_LABEL" description="PARAM_CLASS_SFX_DESC" />
		<param name="live_width" type="text" default="180" label="PARAM_WIDTH_LABEL" description="PARAM_WIDTH_DESC" size="30" />
		<param name="live_height" type="text" default="" label="PARAM_HEIGHT_LABEL" description="PARAM_HEIGHT_DESC" size="30" />
		<param name="live_xid" type="text" default="" label="PARAM_XID_LABEL" description="PARAM_XID_DESC" size="30" />	
		<param name="live_always_post" type="radio" default="0" label="PARAM_POST_LABEL" description="PARAM_POST_DESC">
		  	<option value="0">NO</option>
		  	<option value="1">YES</option>
		</param>
	</params>
		
</install>