<?xml version="1.0" encoding="utf-8"?>
<install version="1.5" type="plugin" group="system">
	<name>System - myApiTabs</name>
	<author>Thomas Welton</author>
	<creationDate>April 2011</creationDate>
	<copyright>Copyright (C) 2011</copyright>
	<license>GNU/GPL http://www.gnu.org/copyleft/gpl.html</license>
	<authorEmail>thomaswelton@me.com</authorEmail>
	<authorUrl>www.myapi.co.uk</authorUrl>
	<version>1.0</version>
	<description>PLUGIN DESCRIPTION</description>
	<files>
		<filename plugin="myApiTabs">myApiTabs.php</filename>
		<filename>addtab.png</filename>
	</files>
	
	<languages>
		<language tag="en-GB">languages/en-GB.plg_system_myApiTabs.ini</language>
	</languages>
	
	<params>
		<param name="tab_name" type="text" default="" label="PARAM_TAB_NAME_LABEL" description="PARAM_TAB_NAME_DESC" />
		<param name="tab_url" type="menuitem" default="" label="PARAM_TAB_URL_LABEL" description="PARAM_TAB_URL_DESC" />
	</params>
</install>
