<?xml version="1.0" encoding="utf-8"?>
<install version="1.5" type="plugin" group="user">
	<name>User - myApiUser</name>
	<author>Thomas Welton</author>
	<creationDate>March 2011</creationDate>
	<copyright>(C) Thomas Welton. All rights reserved.</copyright>
	<license>GNU/GPL http://www.gnu.org/copyleft/gpl.html</license>
	<authorEmail>thomaswelton@me.com</authorEmail>
	<authorUrl>www.myapi.co.uk</authorUrl>
	<version>1.0</version>
	<description>PLUGIN DESCRIPTION</description>
	<files>
		<filename plugin="myApiUser">myApiUser.php</filename>
	</files>
	
	<languages>
		<language tag="en-GB">languages/en-GB.plg_user_myApiUser.ini</language>
	</languages>
	
</install>