<?xml version="1.0" encoding="utf-8"?>
<install version="1.5" type="plugin" group="content">
	<name>Content - myApiSend</name>
	<author>Thomas Welton</author>
	<creationDate>March 2011</creationDate>
	<copyright>Copyright (C) 2011</copyright>
	<license>GNU/GPL http://www.gnu.org/copyleft/gpl.html</license>
	<authorEmail>thomaswelton@me.com</authorEmail>
	<authorUrl>http://www.myapi.co.uk</authorUrl>
	<version>1.0</version>
	<description>PLUGIN DESCRIPTION</description>
	<files>
		<filename plugin="myApiSend">myApiSend.php</filename>
		<folder>send</folder>
	</files>
	
	<languages>
		<language tag="en-GB">languages/en-GB.plg_content_myApiSend.ini</language>
		<language tag="nb-NO">languages/nb-NO.plg_content_myApiSend.ini</language>
	</languages>
	
	<params addPath="/plugins/content/send/">
		<param name="color_scheme" type="list" default="light" label="PARAM_SCHEME_LABEL" description="PARAM_SCHEME_DESC">
		  	<option value="light">PARAM_SCHEME_LIGHT</option>
			<option value="dark">PARAM_SCHEME_DARK</option>
		</param>
		<param name="send_font" type="list" default="arial" label="PARAM_FONT_LABEL" description="PARAM_FONT_DESC">
		  	<option value="arial">Arial</option>
			<option value="lucida grande">Lucida Grande</option>
			<option value="segoe ui">Segoe Ui</option>
			<option value="tahoma">Tahoma</option>
			<option value="trebuchet ms">Trebuchet ms</option>
			<option value="verdana">Verdana</option>
		</param>
		<param name="position" type="list" default="myApiShareTop" label="PARAM_POSITION_LABEL" description="PARAM_POSITION_DESC">
		  	<option value="myApiShareTop">PARAM_POSITION_TOP</option>
			<option value="myApiShareBottom">PARAM_POSITION_BOTTOM</option>
		</param>
		<param name="send_show_on" type="radio" default="all" label="PARAM_SHOW_LABEL" description="PARAM_SHOW_DESC">
			<option value="all">PARAM_SHOW_ALL</option>
		  	<option value="selected">PARAM_SHOW_SELECT</option>
		</param>
		
		<param name="send_sections" type="sqlmultilistx" sql="SELECT * FROM #__sections" key_field="id" value_field="title" default="" multiple="multiple" label="PARAM_SECTIONS_LABEL" description="PARAM_MULTI">
			<option value="-1"></option>
        </param>
		
		<param name="send_categories" type="sqlmultilistx" sql="SELECT * FROM #__categories" key_field="title" value_field="title" default="" multiple="multiple" label="PARAM_CAT_LABEL" description="PARAM_MULTI">
			<option value="-1"></option>
        </param>
		
		<param name="send_ref" type="text" default="" label="PARAM_REF_LABEL" description="PARAM_REF_DESC" size="30" />
	</params>
	
</install>
