<?xml version="1.0" encoding="utf-8"?>
<install version="1.5" type="plugin" group="system">
	<name>System - myApiConnect</name>
	<author>Thomas Welton</author>
	<creationDate>April 2011</creationDate>
	<copyright>Copyright (C) 2010</copyright>
	<license>GNU/GPL http://www.gnu.org/copyleft/gpl.html</license>
	<authorEmail>thomaswelton@me.com</authorEmail>
	<authorUrl>www.myapi.co.uk</authorUrl>
	<version>1.0</version>
	<description>PLUGIN DESCRIPTION</description>
	<files>
		<filename plugin="myApiConnect">myApiConnect.php</filename>
		<filename>myApiConnectFacebook.php</filename>
		<filename>facebookXD.html</filename>
		<filename>fb_ca_chain_bundle.crt</filename>
		<filename>myApiDom.php</filename>
		<filename>fbapp.png</filename>
		<folder>myApiConnect</folder>
	</files>
	
	<languages>
		<language tag="en-GB">languages/en-GB.plg_system_myApiConnect.ini</language>
		<language tag="nb-NO">languages/nb-NO.plg_system_myApiConnect.ini</language>
	</languages>
	
	<params>
		<param name="appId" type="text" label="PARAM_ID_LABEL" description="PARAM_ID_DESC" size="50" />
		<param name="secret" type="text" default="" label="PARAM_SECRET_LABEL" description="PARAM_SECRET_DESC" size="50" />
		<param name="locale" type="list" default="en_US" label="PARAM_LOCALE_LABEL" description="PARAM_LOCALE_DESC">
			<option value="ca_ES">Catalan</option>
			<option value="cs_CZ">Czech</option>
			<option value="cy_GB">Welsh</option>
			<option value="da_DK">Danish</option>
			<option value="de_DE">German</option>
			<option value="eu_ES">Basque</option>
			<option value="en_PI">English (Pirate)</option>
			<option value="en_UD">English (Upside Down)</option>
			<option value="ck_US">Cherokee</option>
			<option value="en_US">English (US)</option>
			<option value="es_LA">Spanish</option>
			<option value="es_CL">Spanish (Chile)</option>
			<option value="es_CO">Spanish (Colombia)</option>
			<option value="es_ES">Spanish (Spain)</option>
			<option value="es_MX">Spanish (Mexico)</option>
			<option value="es_VE">Spanish (Venezuela)</option>
			<option value="fb_FI">Finnish (test)</option>
			<option value="fi_FI">Finnish</option>
			<option value="fr_FR">French (France)</option>
			<option value="gl_ES">Galician</option>
			<option value="hu_HU">Hungarian</option>
			<option value="it_IT">Italian</option>
			<option value="ja_JP">Japanese</option>
			<option value="ko_KR">Korean</option>
			<option value="nb_NO">Norwegian (bokmal)</option>
			<option value="nn_NO">Norwegian (nynorsk)</option>
			<option value="nl_NL">Dutch</option>
			<option value="pl_PL">Polish</option>
			<option value="pt_BR">Portuguese (Brazil)</option>
			<option value="pt_PT">Portuguese (Portugal)</option>
			<option value="ro_RO">Romanian</option>
			<option value="ru_RU">Russian</option>
			<option value="sk_SK">Slovak</option>
			<option value="sl_SI">Slovenian</option>
			<option value="sv_SE">Swedish</option>
			<option value="th_TH">Thai</option>
			<option value="tr_TR">Turkish</option>
			<option value="ku_TR">Kurdish</option>
			<option value="zh_CN">Simplified Chinese (China)</option>
			<option value="zh_HK">Traditional Chinese (Hong Kong)</option>
			<option value="zh_TW">Traditional Chinese (Taiwan)</option>
			<option value="fb_LT">Leet Speak</option>
			<option value="af_ZA">Afrikaans</option>
			<option value="sq_AL">Albanian</option>
			<option value="hy_AM">Armenian</option>
			<option value="az_AZ">Azeri</option>
			<option value="be_BY">Belarusian</option>
			<option value="bn_IN">Bengali</option>
			<option value="bs_BA">Bosnian</option>
			<option value="bg_BG">Bulgarian</option>
			<option value="hr_HR">Croatian</option>
			<option value="nl_BE">Dutch (BelgiÃ«)</option>
			<option value="en_GB">English (UK)</option>
			<option value="eo_EO">Esperanto</option>
			<option value="et_EE">Estonian</option>
			<option value="fo_FO">Faroese</option>
			<option value="fr_CA">French (Canada)</option>
			<option value="ka_GE">Georgian</option>
			<option value="el_GR">Greek</option>
			<option value="gu_IN">Gujarati</option>
			<option value="hi_IN">Hindi</option>
			<option value="is_IS">Icelandic</option>
			<option value="id_ID">Indonesian</option>
			<option value="ga_IE">Irish</option>
			<option value="jv_ID">Javanese</option>
			<option value="kn_IN">Kannada</option>
			<option value="kk_KZ">Kazakh</option>
			<option value="la_VA">Latin</option>
			<option value="lv_LV">Latvian</option>
			<option value="li_NL">Limburgish</option>
			<option value="lt_LT">Lithuanian</option>
			<option value="mk_MK">Macedonian</option>
			<option value="mg_MG">Malagasy</option>
			<option value="ms_MY">Malay</option>
			<option value="mt_MT">Maltese</option>
			<option value="mr_IN">Marathi</option>
			<option value="mn_MN">Mongolian</option>
			<option value="ne_NP">Nepali</option>
			<option value="pa_IN">Punjabi</option>
			<option value="rm_CH">Romansh</option>
			<option value="sa_IN">Sanskrit</option>
			<option value="sr_RS">Serbian</option>
			<option value="so_SO">Somali</option>
			<option value="sw_KE">Swahili</option>
			<option value="tl_PH">Filipino</option>
			<option value="ta_IN">Tamil</option>
			<option value="tt_RU">Tatar</option>
			<option value="te_IN">Telugu</option>
			<option value="ml_IN">Malayalam</option>
			<option value="uk_UA">Ukrainian</option>
			<option value="uz_UZ">Uzbek</option>
			<option value="vi_VN">Vietnamese</option>
			<option value="xh_ZA">Xhosa</option>
			<option value="zu_ZA">Zulu</option>
			<option value="km_KH">Khmer</option>
			<option value="tg_TJ">Tajik</option>
			<option value="ar_AR">Arabic</option>
			<option value="he_IL">Hebrew</option>
			<option value="ur_PK">Urdu</option>
			<option value="fa_IR">Persian</option>
			<option value="sy_SY">Syriac</option>
			<option value="yi_DE">Yiddish</option>
			<option value="gn_PY">GuaranÃ­</option>
			<option value="qu_PE">Quechua</option>
			<option value="ay_BO">Aymara</option>
			<option value="se_NO">Northern SÃ¡mi</option>
			<option value="ps_AF">Pashto</option>
			<option value="tl_ST">Klingon</option>
		</param>
	</params>
</install>
