<?xml version="1.0" encoding="utf-8"?>
<install version="1.5" type="plugin" group="authentication">
    <name>Authentication - myApiAuth</name>
    <author>Thomas Welton</author>
    <creationDate>March 2011</creationDate>
    <copyright>Copyright 2011</copyright>
    <license>GNU/GPL http://www.gnu.org/copyleft/gpl.html</license>
    <authorEmail>thomaswelton@me.com</authorEmail>
    <authorUrl>http://www.myapi.co.uk</authorUrl>
    <version>1.0</version>
    <description>PLUGIN DESCRIPTION</description>
    <files>
        <filename plugin="myApiAuth">myApiAuth.php</filename>
    </files>
	<languages>
		<language tag="en-GB">languages/en-GB.plg_authentication_myapiauth.ini</language>
	</languages>
</install>